password,name,birth,address
pass101,Michael Brown,1990-03-21,123 Elm St
pass102,Sarah Wilson,1985-07-12,456 Oak Ave
pass103,David Lee,2000-01-15,789 Maple Blvd
pass104,Laura Clark,1993-11-22,101 Pine St
pass105,Peter Hall,1988-05-17,202 Cedar Dr
pass106,Susan Young,1979-02-04,303 Birch Ln
pass107,James Green,1995-09-19,404 Walnut St
pass108,Jessica Adams,1992-12-01,505 Spruce Rd
pass109,William Turner,1984-06-14,606 Fir Ave
pass110,Karen Hill,1975-03-30,707 Aspen Ct
pass111,Daniel Scott,2001-10-25,808 Palm St
pass112,Linda King,1982-08-09,909 Sycamore Blvd
pass113,Paul Baker,1999-04-10,1010 Chestnut Rd
pass114,Nancy Wright,1996-07-03,1111 Redwood Ln
pass115,George Moore,1986-12-18,1212 Willow Ave
